ticker,first_valid,missing_frac
AAPL,1998-01-05,0.0
ABT,1998-01-05,0.0
ACGL,1998-01-05,0.0
ADBE,1998-01-05,0.0
ADI,1998-01-05,0.0
ADM,1998-01-05,0.0
ADP,1998-01-05,0.0
ADSK,1998-01-05,0.0
AEE,1998-01-05,0.0
AEP,1998-01-05,0.0
AES,1998-01-05,0.0
AFL,1998-01-05,0.0
AIG,1998-01-05,0.0
AJG,1998-01-05,0.0
ALB,1998-01-05,0.0
ALL,1998-01-05,0.0
AMAT,1998-01-05,0.0
AMD,1998-01-05,0.0
AME,1998-01-05,0.0
AMGN,1998-01-05,0.0
AMZN,1998-01-05,0.0
AON,1998-01-05,0.0
AOS,1998-01-05,0.0
APA,1998-01-05,0.0
APD,1998-01-05,0.0
APH,1998-01-05,0.0
ARE,1998-01-05,0.0
ATO,1998-01-05,0.0
AVY,1998-01-05,0.0
AXP,1998-01-05,0.0
AZO,1998-01-05,0.0
BA,1998-01-05,0.0
BAC,1998-01-05,0.0
BALL,1998-01-05,0.0
BAX,1998-01-05,0.0
BBY,1998-01-05,0.0
BDX,1998-01-05,0.0
BEN,1998-01-05,0.0
BF-B,1998-01-05,0.0
BIIB,1998-01-05,0.0
BKR,1998-01-05,0.0
BMY,1998-01-05,0.0
BNY,1998-01-05,0.0
BRK-B,1998-01-05,0.0
BRO,1998-01-05,0.0
BSX,1998-01-05,0.0
BXP,1998-01-05,0.0
C,1998-01-05,0.0
CAH,1998-01-05,0.0
CASY,1998-01-05,0.0
CAT,1998-01-05,0.0
CB,1998-01-05,0.0
CCL,1998-01-05,0.0
CDNS,1998-01-05,0.0
CHD,1998-01-05,0.0
CHRW,1998-01-05,0.0
CI,1998-01-05,0.0
CIEN,1998-01-05,0.0
CINF,1998-01-05,0.0
CL,1998-01-05,0.0
CLX,1998-01-05,0.0
CMCSA,1998-01-05,0.0
CMI,1998-01-05,0.0
CMS,1998-01-05,0.0
CNP,1998-01-05,0.0
COF,1998-01-05,0.0
COHR,1998-01-05,0.0
COO,1998-01-05,0.0
COP,1998-01-05,0.0
COR,1998-01-05,0.0
COST,1998-01-05,0.0
CPRT,1998-01-05,0.0
CPT,1998-01-05,0.0
CRH,1998-01-05,0.0
CSCO,1998-01-05,0.0
CSX,1998-01-05,0.0
CTAS,1998-01-05,0.0
CVS,1998-01-05,0.0
CVX,1998-01-05,0.0
D,1998-01-05,0.0
DD,1998-01-05,0.0
DE,1998-01-05,0.0
DECK,1998-01-05,0.0
DGX,1998-01-05,0.0
DHI,1998-01-05,0.0
DHR,1998-01-05,0.0
DIS,1998-01-05,0.0
DLTR,1998-01-05,0.0
DOC,1998-01-05,0.0
DOV,1998-01-05,0.0
DRI,1998-01-05,0.0
DTE,1998-01-05,0.0
DUK,1998-01-05,0.0
DVA,1998-01-05,0.0
DVN,1998-01-05,0.0
ECL,1998-01-05,0.0
ED,1998-01-05,0.0
EFX,1998-01-05,0.0
EG,1998-01-05,0.0
EIX,1998-01-05,0.0
EL,1998-01-05,0.0
EME,1998-01-05,0.0
EMR,1998-01-05,0.0
EOG,1998-01-05,0.0
EQT,1998-01-05,0.0
ERIE,1998-01-05,0.0
ES,1998-01-05,0.0
ESS,1998-01-05,0.0
ETN,1998-01-05,0.0
ETR,1998-01-05,0.0
EVRG,1998-01-05,0.0
EXC,1998-01-05,0.0
EXPD,1998-01-05,0.0
F,1998-01-05,0.0
FAST,1998-01-05,0.0
FCX,1998-01-05,0.0
FDS,1998-01-05,0.0
FDX,1998-01-05,0.0
FE,1998-01-05,0.0
FICO,1998-01-05,0.0
FISV,1998-01-05,0.000142025280499929
FITB,1998-01-05,0.0
FIX,1998-01-05,0.0
FLEX,1998-01-05,0.0
FRT,1998-01-05,0.0
GD,1998-01-05,0.0
GE,1998-01-05,0.0
GEN,1998-01-05,0.0
GILD,1998-01-05,0.0
GIS,1998-01-05,0.0
GL,1998-01-05,0.0
GLW,1998-01-05,0.0
GPC,1998-01-05,0.0
GWW,1998-01-05,0.0
HAL,1998-01-05,0.0
HAS,1998-01-05,0.0
HBAN,1998-01-05,0.0
HD,1998-01-05,0.0
HIG,1998-01-05,0.0
HON,1998-01-05,0.0
HPQ,1998-01-05,0.0
HRL,1998-01-05,0.0
HSIC,1998-01-05,0.0
HST,1998-01-05,0.0
HSY,1998-01-05,0.0
HUBB,1998-01-05,0.0
HUM,1998-01-05,0.0
IBM,1998-01-05,0.0
IDXX,1998-01-05,0.0
IEX,1998-01-05,0.0
IFF,1998-01-05,0.0
INCY,1998-01-05,0.0
INTC,1998-01-05,0.0
INTU,1998-01-05,0.0
IP,1998-01-05,0.0
IRM,1998-01-05,0.0
IT,1998-01-05,0.0
ITW,1998-01-05,0.0
IVZ,1998-01-05,0.0
J,1998-01-05,0.0
JBHT,1998-01-05,0.0
JBL,1998-01-05,0.0
JCI,1998-01-05,0.0
JKHY,1998-01-05,0.0
JNJ,1998-01-05,0.0
JPM,1998-01-05,0.0
KEY,1998-01-05,0.0
KIM,1998-01-05,0.0
KLAC,1998-01-05,0.0
KMB,1998-01-05,0.0
KO,1998-01-05,0.0
KR,1998-01-05,0.0
L,1998-01-05,0.0
LEN,1998-01-05,0.0
LH,1998-01-05,0.0
LHX,1998-01-05,0.0
LIN,1998-01-05,0.0
LLY,1998-01-05,0.0
LMT,1998-01-05,0.0
LNT,1998-01-05,0.0
LOW,1998-01-05,0.0
LRCX,1998-01-05,0.0
LUV,1998-01-05,0.0
MAA,1998-01-05,0.0
MAS,1998-01-05,0.0
MCD,1998-01-05,0.0
MCHP,1998-01-05,0.0
MCK,1998-01-05,0.0
MCO,1998-01-05,0.0
MDT,1998-01-05,0.0
MGM,1998-01-05,0.0
MKC,1998-01-05,0.0
MLM,1998-01-05,0.0
MMM,1998-01-05,0.0
MNST,1998-01-05,0.0
MO,1998-01-05,0.0
MOS,1998-01-05,0.0
MRK,1998-01-05,0.0
MRSH,1998-01-05,0.0
MS,1998-01-05,0.0
MSFT,1998-01-05,0.0
MSI,1998-01-05,0.0
MTB,1998-01-05,0.0
MTD,1998-01-05,0.0
MU,1998-01-05,0.0
NDSN,1998-01-05,0.0
NEE,1998-01-05,0.0
NEM,1998-01-05,0.0
NI,1998-01-05,0.0
NKE,1998-01-05,0.0
NOC,1998-01-05,0.0
NSC,1998-01-05,0.0
NTAP,1998-01-05,0.0
NTRS,1998-01-05,0.0
NUE,1998-01-05,0.0
NVR,1998-01-05,0.0
O,1998-01-05,0.0
ODFL,1998-01-05,0.0
OKE,1998-01-05,0.0
OMC,1998-01-05,0.0
ORCL,1998-01-05,0.0
ORLY,1998-01-05,0.0
OXY,1998-01-05,0.0
PAYX,1998-01-05,0.0
PCAR,1998-01-05,0.0
PCG,1998-01-05,0.0
PEG,1998-01-05,0.0
PEP,1998-01-05,0.0
PFE,1998-01-05,0.0
PG,1998-01-05,0.0
PGR,1998-01-05,0.0
PH,1998-01-05,0.0
PHM,1998-01-05,0.0
PLD,1998-01-05,0.0
PNC,1998-01-05,0.0
PNR,1998-01-05,0.0
PNW,1998-01-05,0.0
PPG,1998-01-05,0.0
PPL,1998-01-05,0.0
PSA,1998-01-05,0.0
PTC,1998-01-05,0.0
QCOM,1998-01-05,0.0
RCL,1998-01-05,0.0
REG,1998-01-05,0.0
REGN,1998-01-05,0.0
RF,1998-01-05,0.0
RJF,1998-01-05,0.0
RL,1998-01-05,0.0
RMD,1998-01-05,0.0
ROK,1998-01-05,0.0
ROL,1998-01-05,0.0
ROP,1998-01-05,0.0
ROST,1998-01-05,0.0
RTX,1998-01-05,0.0
RVTY,1998-01-05,0.0
SBUX,1998-01-05,0.0
SCHW,1998-01-05,0.0
SHW,1998-01-05,0.0
SJM,1998-01-05,0.0
SLB,1998-01-05,0.0
SNA,1998-01-05,0.0
SNPS,1998-01-05,0.0
SO,1998-01-05,0.0
SPG,1998-01-05,0.0
SPGI,1998-01-05,0.0
STE,1998-01-05,0.0
STLD,1998-01-05,0.0
STT,1998-01-05,0.0
STZ,1998-01-05,0.0
SWK,1998-01-05,0.0
SWKS,1998-01-05,0.0
SYK,1998-01-05,0.0
SYY,1998-01-05,0.0
T,1998-01-05,0.0
TAP,1998-01-05,0.0
TECH,1998-01-05,0.0
TER,1998-01-05,0.0
TFC,1998-01-05,0.0
TGT,1998-01-05,0.0
TJX,1998-01-05,0.0
TMO,1998-01-05,0.0
TPL,1998-01-05,0.0
TRMB,1998-01-05,0.0
TROW,1998-01-05,0.0
TRV,1998-01-05,0.0
TSCO,1998-01-05,0.0
TSN,1998-01-05,0.0
TT,1998-01-05,0.0
TTWO,1998-01-05,0.0
TXN,1998-01-05,0.0
TXT,1998-01-05,0.0
TYL,1998-01-05,0.0
UDR,1998-01-05,0.0
UHS,1998-01-05,0.0
UNH,1998-01-05,0.0
UNP,1998-01-05,0.0
URI,1998-01-05,0.0
USB,1998-01-05,0.0
VLO,1998-01-05,0.0
VMC,1998-01-05,0.0
VMRK,1998-01-05,0.0
VRTX,1998-01-05,0.0
VTR,1998-01-05,0.0
VTRS,1998-01-05,0.0
VZ,1998-01-05,0.0
WAB,1998-01-05,0.0
WAT,1998-01-05,0.0
WDC,1998-01-05,0.0
WEC,1998-01-05,0.0
WELL,1998-01-05,0.0
WFC,1998-01-05,0.0
WM,1998-01-05,0.0
WMB,1998-01-05,0.0
WMT,1998-01-05,0.0
WRB,1998-01-05,0.0
WSM,1998-01-05,0.0
WST,1998-01-05,0.0
WY,1998-01-05,0.0
XEL,1998-01-05,0.0
XOM,1998-01-05,0.0
YUM,1998-01-05,0.0
ZBRA,1998-01-05,0.0
